{
  "project_info": {
    "project_number": "745673639717",
    "project_id": "sfms-279f1",
    "storage_bucket": "sfms-279f1.appspot.com"
  },
  "client": [
    {
      "client_info": {
        "mobilesdk_app_id": "1:745673639717:android:50de8d49c83defd1e17ccc",
        "android_client_info": {
          "package_name": "com.example.tiffin"
        }
      },
      "oauth_client": [
        {
          "client_id": "745673639717-0oj25j3fj1kuhai6nikk6bh6tv21pp70.apps.googleusercontent.com",
          "client_type": 3
        }
      ],
      "api_key": [
        {
          "current_key": "AIzaSyDyCBTkQMTsiOgVRGHHw7A7-EzZbda6obw"
        }
      ],
      "services": {
        "appinvite_service": {
          "other_platform_oauth_client": [
            {
              "client_id": "745673639717-0oj25j3fj1kuhai6nikk6bh6tv21pp70.apps.googleusercontent.com",
              "client_type": 3
            }
          ]
        }
      }
    }
  ],
  "configuration_version": "1"
}